superficie,adresse,prix,image_lien
150.0,Ndiakhirate                                                                                Dakar,14000000.0,https://i.roamcdn.net/hz/ed/listing-thumb-224w/0c75f0a132f24da4238f89892ac333e7/-eyJvciI6MH0%3D/horizon-files-prod/ed/picture/qrz8xmmq/16a5de4306c5b382151e759b03b76d9975475fc8.jpg
200.0,Diamniadio                                                                                Dakar,15000000.0,https://i.roamcdn.net/hz/ed/listing-thumb-224w/8169c43bed68402421172555940d4019/-/horizon-files-prod/ed/picture/q78w47mx/9505b8c668b5071522ab01f4421cb44b8e2d4d24.jpg
200.0,Almadies                                                                                Dakar,110000000.0,https://i.roamcdn.net/hz/ed/listing-thumb-224w/5f8a716f174dc54d76d9f58b4281fdff/-/horizon-files-prod/ed/picture/q0g74m48/da774ff0fb44852ccb43e312f20ad6eb425997fc.jpg
225.0,Thiès                                                                                Thiès,5500000.0,https://i.roamcdn.net/hz/ed/listing-thumb-224w/310bd2a2a9401378ed3b03e889499b4e/-/horizon-files-prod/ed/picture/qj4qpk9e/76b2221922acc4a4674a5adf9ea9e7351c30c434.jpg
150.0,Yene                                                                                Dakar,1500000.0,https://i.roamcdn.net/hz/ed/listing-thumb-224w/8a62d20e553d4daa199cd768bd9a062a/-/horizon-files-prod/ed/picture/qj4qe4z6/c0386b64f88b10218195fa77b1043a0f0a62a901.jpg
0.0,Diender                                                                                Thiès,30000000.0,https://i.roamcdn.net/hz/ed/listing-thumb-224w/da73c4561df2b2f505e081f52d8c48f4/-/horizon-files-prod/ed/picture/q6xdvw98/f09c82d386bd77e3fa2f2269ac58c0e2f22504e2.jpg
150.0,Keur ndiaye lô                                                                                Dakar,15000000.0,https://i.roamcdn.net/hz/ed/listing-thumb-224w/59e5fe73ac7dad21ad7d5baf09f842a1/-/horizon-files-prod/ed/picture/q8v4wvkj/6805348d2f093a101cd1d4d46ae3d21f293a9447.jpg
150.0,Kounoune                                                                                Dakar,15000000.0,https://i.roamcdn.net/hz/ed/listing-thumb-224w/cd0ab7fa4d09b418925a30d1957e5ef4/-/horizon-files-prod/ed/picture/qwep0895/1cb4eac6748c96755fb2f51421d2c14d470e37dc.jpg
250.0,Mbour                                                                                Thiès,2500000.0,https://i.roamcdn.net/hz/ed/listing-thumb-224w/5ed70a391cf3a2b22d5fe1545e6c0b99/-/horizon-files-prod/ed/picture/q785rpjm/051a94258fd5b02f965db36bffa76bd56a7f869e.jpg
198.0,Almadies                                                                                Dakar,140000000.0,https://i.roamcdn.net/hz/ed/listing-thumb-224w/5c4a888144f3456a57e5c418e0c5ee55/-/horizon-files-prod/ed/picture/qm5gemvj/711f72b9761848a6051f41d949275ad88b04836b.jpg
0.0,Saint-Louis                                                                                Saint-Louis,0.0,https://i.roamcdn.net/hz/ed/listing-thumb-224w/6430d576288a864dc705b4033a5afae0/-/horizon-files-prod/ed/picture/qgq9rre9/f15ccdd79fdbca96a7abf6de299fe96784ed7e77.jpg
150.0,Ndiakhirate                                                                                Dakar,14000000.0,https://i.roamcdn.net/hz/ed/listing-thumb-224w/0c75f0a132f24da4238f89892ac333e7/-eyJvciI6MH0%3D/horizon-files-prod/ed/picture/qrz8xmmq/16a5de4306c5b382151e759b03b76d9975475fc8.jpg
150.0,Thiès                                                                                Thiès,15000000.0,https://i.roamcdn.net/hz/ed/listing-thumb-224w/7f735f79ac5ff5775627b5cab8711c7f/-/horizon-files-prod/ed/picture/q8v49jwz/77b0b0802aabaab99f213e0f1416d5c33ab0e486.jpg
710.0,Ouakam                                                                                Dakar,400000000.0,https://i.roamcdn.net/hz/ed/listing-thumb-224w/bf44a5681dba695deb31f5b4c2561808/-/horizon-files-prod/ed/picture/qxjpw5j8/f1fa9e4b18ea72c1aec9323b595eaf32edd41069.jpg
370.0,Amitié                                                                                Dakar,350000000.0,https://i.roamcdn.net/hz/ed/listing-thumb-224w/1ee1e45114cf5c21ab5aa33ba540a98c/-/horizon-files-prod/ed/picture/qngpqpjk/1ce2a55271737f85854a60349e8511913826c846.jpg
325.0,Ouakam                                                                                Dakar,250000000.0,https://i.roamcdn.net/hz/ed/listing-thumb-224w/fd5a61a9c561a8d3cacb836cf54f5eb9/-/horizon-files-prod/ed/picture/qv4wjwkx/72df08fb1ff0816e88512a894bd7a4309f9ea5b9.jpg
325.0,Liberte 2                                                                                Dakar,180000000.0,https://i.roamcdn.net/hz/ed/listing-thumb-224w/9331c6ed55f0c521b818cbd8658a191c/-/horizon-files-prod/ed/picture/q44nwgp5/c0ba8ef28895c63b98660c6e907ff032bec1fec8.jpg
425.0,Liberte 5                                                                                Dakar,380000000.0,https://i.roamcdn.net/hz/ed/listing-thumb-224w/323d242512bc275e4b4864ea8599e391/-/horizon-files-prod/ed/picture/q2j02272/cea808a04358fd5d928b35132db9d1601abb2992.jpg
600.0,Almadies                                                                                Dakar,720000000.0,https://i.roamcdn.net/hz/ed/listing-thumb-224w/6157f025c523ad02ea2ea7ab1f0c3a71/-/horizon-files-prod/ed/picture/q8v4dmr6/4ef768aabd5992a665528f4f06e2fd7871b6fb78.jpg
224.0,Mermoz                                                                                Dakar,170000000.0,https://i.roamcdn.net/hz/ed/listing-thumb-224w/6183b5f659843928989f5261f3092093/-/horizon-files-prod/ed/picture/q56dqx40/a002be4dc427047fd6e5aa79a99ca0b9ac00c76f.jpg
625.0,Almadies                                                                                Dakar,2437500000.0,https://i.roamcdn.net/hz/ed/listing-thumb-224w/bde25653295787e596f369d297881ab5/-/horizon-files-prod/ed/picture/q56d6e57/f33ea0cb00f5665af731d94c5a342cbf78279e7a.jpg
882.0,Nguering                                                                                Thiès,30000000.0,https://i.roamcdn.net/hz/ed/listing-thumb-224w/8b63b2d53a81ec3e0a3395794d4873c0/-/horizon-files-prod/ed/picture/qxjpn6n4/129db81cfbc6438b65c3b8e225651aadc64e5fd3.jpg
150.0,Ndiakhirate                                                                                Dakar,14000000.0,https://i.roamcdn.net/hz/ed/listing-thumb-224w/0c75f0a132f24da4238f89892ac333e7/-eyJvciI6MH0%3D/horizon-files-prod/ed/picture/qrz8xmmq/16a5de4306c5b382151e759b03b76d9975475fc8.jpg
702.0,Mamelles                                                                                Dakar,4053000000.0,https://i.roamcdn.net/hz/ed/listing-thumb-224w/d43e14ee62d1593c35d31b7cb9cf60fe/-/horizon-files-prod/ed/picture/q44n22n9/6d022f21f51f9c3d7d8e59c2e753622536e321c6.jpg
500.0,Hlm                                                                                Dakar,2385000000.0,https://i.roamcdn.net/hz/ed/listing-thumb-224w/ecfe7139ee99eba7f394a6cbfec30dad/-/horizon-files-prod/ed/picture/qpdm556p/fa931e6171b280ffc366ed2192c03b9ee212243d.jpg
150.0,Ouest foire                                                                                Dakar,100000000.0,https://i.roamcdn.net/hz/ed/listing-thumb-224w/d8732cb2a308ec08f5b4a1f2cbf2e6dc/-/horizon-files-prod/ed/picture/qj4qdd4v/e50083e908849a14bdd07b808367454605bd7fd3.jpg
216.0,Ngor                                                                                Dakar,60000000.0,https://i.roamcdn.net/hz/ed/listing-thumb-224w/2aabf0454e1f73ea61bcdfce68311db4/-/horizon-files-prod/ed/picture/qrz8x945/cad0e2d75375c64a04b9a15fc454521a42d065a1.jpg
0.0,Rufisque                                                                                Dakar,550000000.0,https://i.roamcdn.net/hz/ed/listing-thumb-224w/693c315efc58df18a20afaa1d141e1d9/-/horizon-files-prod/ed/picture/migrated/qn9vkdk/28811bb399186b3c87dcfb3650c63a2e5468989a.jpg
300.0,Thiès                                                                                Thiès,17000000.0,https://i.roamcdn.net/hz/ed/listing-thumb-224w/be1b0307a605cf99a851a61ee3105594/-/horizon-files-prod/ed/picture/qmx8r66/b818f4a45ca50c7386e3dd80c042e5576640f314.jpg
300.0,Somone                                                                                Thiès,17000000.0,https://i.roamcdn.net/hz/ed/listing-thumb-224w/d8d3a81e1867b2a3aa0759f72974337a/-/horizon-files-prod/ed/picture/migrated/q959jex/761754805e4ed41173f96581dd60b90b7fbee8a3.jpg
500.0,Almadies                                                                                Dakar,1800000000.0,https://i.roamcdn.net/hz/ed/listing-thumb-224w/01163c59ba901ec4cadb5859e8b666e4/-/horizon-files-prod/ed/picture/qq42rpev/03b594ffd70c3cea8ca8902fe71367bad7c0e1f9.jpg
250.0,Bambilor                                                                                Dakar,25000000.0,https://i.roamcdn.net/hz/ed/listing-thumb-224w/ac47c1340c0263e4d423449d30fceea7/-/horizon-files-prod/ed/picture/qj4q0k9g/ab05915a3696538b1e38f25bec0bbf2dda73eb3b.jpg
150.0,Tivaouane peulh                                                                                Dakar,20000000.0,https://i.roamcdn.net/hz/ed/listing-thumb-224w/7690954819b41f64cde7b27eedea28da/-/horizon-files-prod/ed/picture/q8v47qx0/4aa51f1eed12bbf9398263841d828dd30623a6c7.jpg
150.0,Ndiakhirate                                                                                Dakar,14000000.0,https://i.roamcdn.net/hz/ed/listing-thumb-224w/0c75f0a132f24da4238f89892ac333e7/-eyJvciI6MH0%3D/horizon-files-prod/ed/picture/qrz8xmmq/16a5de4306c5b382151e759b03b76d9975475fc8.jpg
150.0,Keur Massar                                                                                Dakar,18000000.0,https://i.roamcdn.net/hz/ed/listing-thumb-224w/950c0aa9954642a62a9ed161898a0577/-/horizon-files-prod/ed/picture/q9mjkjj5/17e45eca0d3aa4cd40a8d3677b3756166ea868ee.jpg
0.0,Pikine                                                                                Dakar,10000000.0,https://i.roamcdn.net/hz/ed/listing-thumb-224w/c8836142e89c5853293161885bff5055/-/horizon-files-prod/ed/picture/migrated/qm6pzz9/0629bc757b5d5acb77de42cb7ef846f3d0cad8b0.jpg
150.0,Tivaouane peulh                                                                                Dakar,9000000.0,https://i.roamcdn.net/hz/ed/listing-thumb-224w/91bd58b7bb862c221fb15924daeb933c/-/horizon-files-prod/ed/picture/qzvpwwgg/bbcb53aa50f1f5635913027a61f2b54233b689fe.jpg
150.0,Kounoune                                                                                Dakar,15000000.0,https://i.roamcdn.net/hz/ed/listing-thumb-224w/84d2b5ce913f9c1e3d4ad4b663c4748a/-/horizon-files-prod/ed/picture/qpdmr2mm/638948501eaf7bbd46641aa153acd7a20be24d18.jpg
300.0,Diamniadio                                                                                Dakar,15000000.0,https://i.roamcdn.net/hz/ed/listing-thumb-224w/30929d1db7f73fc387b5f57f0a8fd77c/-/horizon-files-prod/ed/picture/qxjpxn70/f2997b389b86bde19a15677fef2a38e57a52a182.jpg
150.0,Kounoune                                                                                Dakar,11000000.0,https://i.roamcdn.net/hz/ed/listing-thumb-224w/3d587adffff20a605a9df3181ecd534f/-/horizon-files-prod/ed/picture/qxjpd4m8/06cf6abb57d5fc63ee4546e0584a29e0e2e7de80.jpg
628.0,Point-e                                                                                Dakar,628000000.0,https://i.roamcdn.net/hz/ed/listing-thumb-224w/1155972f03965edb4bb8226389c189dd/-/horizon-files-prod/ed/picture/q44ngxnv/582968a4703d5d899fb6d89e07627229e42bab28.jpg
180.0,Mermoz                                                                                Dakar,160000000.0,https://i.roamcdn.net/hz/ed/listing-thumb-224w/0d62e442357294085eaf15968c8ed891/-/horizon-files-prod/ed/picture/qrz8xg8n/7c0063be5e71685e6cbb48fba5973a05aa456c55.jpg
884.0,Almadies                                                                                Dakar,2449200000.0,https://i.roamcdn.net/hz/ed/listing-thumb-224w/d02bb14075f41c98fdb82300df6fb2b4/-/horizon-files-prod/ed/picture/q9mjvpj0/fc48aa6d1386ca6d003888872d815c042b45cc0e.jpg
211.0,Hann maristes                                                                                Dakar,120000000.0,https://i.roamcdn.net/hz/ed/listing-thumb-224w/e12ecb804264346909eab8462fe3da14/-/horizon-files-prod/ed/picture/qgq94dx8/dea0b1b9ec0bd7667a358fc0cb429b763b20f634.png
150.0,Ndiakhirate                                                                                Dakar,14000000.0,https://i.roamcdn.net/hz/ed/listing-thumb-224w/0c75f0a132f24da4238f89892ac333e7/-eyJvciI6MH0%3D/horizon-files-prod/ed/picture/qrz8xmmq/16a5de4306c5b382151e759b03b76d9975475fc8.jpg
150.0,Zac Mbao                                                                                Dakar,18000000.0,https://i.roamcdn.net/hz/ed/listing-thumb-224w/d2604af45d82cf07493d91c0b7c32e6e/-/horizon-files-prod/ed/picture/qde7md7m/8f55f75b2800caf67d64ac6c608f6d9690f333b2.jpg
150.0,Kounoune                                                                                Dakar,15000000.0,https://i.roamcdn.net/hz/ed/listing-thumb-224w/f4921d4b5150ea5a21f911caf7681824/-/horizon-files-prod/ed/picture/qrz86dn5/46c2b7089a139b6bf218b527007d4aa7a1332885.jpg
150.0,Niakoul rap                                                                                Dakar,20000000.0,https://i.roamcdn.net/hz/ed/listing-thumb-224w/914c94c5dc66bdf7db33e0bb15cd050a/-/horizon-files-prod/ed/picture/qkr8vpkn/dbdc2340e0d0b0cb0a0178b3be1903f0f117bf1d.jpg
300.0,Saly                                                                                Thiès,30000000.0,https://i.roamcdn.net/hz/ed/listing-thumb-224w/e009d1f2aaecd9f70bd20b8417944aeb/-/horizon-files-prod/ed/picture/qm5pdvj9/dc321d9bc61a7536a6ff7f3fdc986cd5728dc64f.jpg
0.0,Ngaparou                                                                                Thiès,20000000.0,https://i.roamcdn.net/hz/ed/listing-thumb-224w/407bc47b238e402c05a112c1fd7052b5/-/horizon-files-prod/ed/picture/qenvv784/3083c337584d29b6bb7640a77ccb4b79706ab694.jpg
150.0,Niakoul rap                                                                                Dakar,7500000.0,https://i.roamcdn.net/hz/ed/listing-thumb-224w/d06c896b15ec49e30b8e21f8e743bafd/-/horizon-files-prod/ed/picture/q566pg70/b09b54d94573eef3baa531a0f02aafc5d256a5d8.jpg
150.0,Tivaouane peulh                                                                                Dakar,12500000.0,https://i.roamcdn.net/hz/ed/listing-thumb-224w/b5890b1e914aeb99aa26069003077dff/-/horizon-files-prod/ed/picture/qzvpqwnq/e6b808911bed6a682069d86c35ee08a91c85fbe3.jpg
150.0,Niague                                                                                Dakar,7000000.0,https://i.roamcdn.net/hz/ed/listing-thumb-224w/f2322f61054a7f9553e517c11ae3676d/-/horizon-files-prod/ed/picture/q6xd28gd/a77a24bdd8ddd6c10c1aceb510c0e024320a20c3.jpg
0.0,Bambilor                                                                                Dakar,500000000.0,https://i.roamcdn.net/hz/ed/listing-thumb-224w/a2bbfa1b391191c7befc2706006c7a7a/-/horizon-files-prod/ed/picture/q9mj272x/c5ce925cfdb9d55fefd37d5a1b1327ce0beda37c.png
0.0,Niague                                                                                Dakar,5000000.0,https://i.roamcdn.net/hz/ed/listing-thumb-224w/3ea42a5523ce3c925d4cdda9361013a9/-/horizon-files-prod/ed/picture/qgqw7p8m/8a623468bf9d1fec56d57c9e2e07a3ae8727b225.jpg
150.0,Ndiakhirate                                                                                Dakar,14000000.0,https://i.roamcdn.net/hz/ed/listing-thumb-224w/0c75f0a132f24da4238f89892ac333e7/-eyJvciI6MH0%3D/horizon-files-prod/ed/picture/qrz8xmmq/16a5de4306c5b382151e759b03b76d9975475fc8.jpg
165.0,Almadies                                                                                Dakar,100000000.0,https://i.roamcdn.net/hz/ed/listing-thumb-224w/ad82c79405ac19fb6ea1606d1c9378b5/-/horizon-files-prod/ed/picture/qxjp7082/5ab66473f9f4e35247f923cd1528602e134d0c15.jpg
300.0,Keur moussa                                                                                Thiès,4500000.0,https://i.roamcdn.net/hz/ed/listing-thumb-224w/8d10abdd4116e9f7d3d8d49194fa9899/-/horizon-files-prod/ed/picture/q44nmk42/4ebbd13acf07dc036618eed644240ad4d718afd1.jpg
150.0,Almadies                                                                                Dakar,95000000.0,https://i.roamcdn.net/hz/ed/listing-thumb-224w/8e563ffbf34bdd17133805be295e5c79/-/horizon-files-prod/ed/picture/qzvp09m9/561e801bd26419028e67d0e8c4d70e120f34ec37.jpg
150.0,Almadies 2                                                                                Dakar,25000000.0,https://i.roamcdn.net/hz/ed/listing-thumb-224w/011ebd1baee5271e0a7d1362844a2267/-/horizon-files-prod/ed/picture/qwep6knm/b3a7d0a5f21c60e3d96675341668a31183c16e2e.jpg
600.0,Somone                                                                                Thiès,49000000.0,https://i.roamcdn.net/hz/ed/listing-thumb-224w/a1d0a1cfbb051aea158f5700aab7eb4e/-/horizon-files-prod/ed/picture/q6xd89r4/a8c1090b9780b746b1c0ca41d7e8be399d2f431d.jpg
280.0,Almadies                                                                                Dakar,135000000.0,https://i.roamcdn.net/hz/ed/listing-thumb-224w/99eecad1cd07f7eac237e53d366fdc90/-/horizon-files-prod/ed/picture/qv4wjjqv/ebb345516fe1c4fd51b957394b2e87865cc661fb.jpg
300.0,Keur moussa                                                                                Thiès,4000000.0,https://i.roamcdn.net/hz/ed/listing-thumb-224w/92b1cbdf1de5a79ef32cb28129df6613/-/horizon-files-prod/ed/picture/q9mjvvm8/09aa644766547d4930be045763ff4e296ea0bafb.jpg
300.0,Zac Mbao                                                                                Dakar,60000000.0,https://i.roamcdn.net/hz/ed/listing-thumb-224w/45350c324d1d01ee10420fcd7226e4b6/-/horizon-files-prod/ed/picture/qxjp9m8j/b55587470a99472173b3880587ed56aed25f85f7.jpg
300.0,Keur Massar                                                                                Dakar,35000000.0,https://i.roamcdn.net/hz/ed/listing-thumb-224w/9c8d3dc904da33e4b1f3dd1679497003/-/horizon-files-prod/ed/picture/qpd62wqm/e0299756124d6632aad23e99f907161e749e543d.jpg
150.0,Kounoune                                                                                Dakar,10000000.0,https://i.roamcdn.net/hz/ed/listing-thumb-224w/fb85de3adfe3ebdc1d7fd6832b4b0391/-/horizon-files-prod/ed/picture/qkr8k99v/9fcca52593b145593f63179c11ea2cfbe8cac153.jpg
150.0,Ndiakhirate                                                                                Dakar,14000000.0,https://i.roamcdn.net/hz/ed/listing-thumb-224w/0c75f0a132f24da4238f89892ac333e7/-eyJvciI6MH0%3D/horizon-files-prod/ed/picture/qrz8xmmq/16a5de4306c5b382151e759b03b76d9975475fc8.jpg
150.0,Mamelles                                                                                Dakar,0.0,https://i.roamcdn.net/hz/ed/listing-thumb-224w/272fbb141f757b63bb9fa95239cf497f/-/horizon-files-prod/ed/picture/qenvzr46/74e846e2021a995553eebf09a2b2b1e967e93c82.jpg
0.0,Ouakam                                                                                Dakar,120000000.0,https://i.roamcdn.net/hz/ed/listing-thumb-224w/217680e82d8359ffa2fd30e8a568da03/-/horizon-files-prod/ed/picture/q6xd8kg6/fb2366a90a02b3f8b583b8e8e4148aab916beb5b.jpg
600.0,Nguering                                                                                Thiès,30000.0,https://i.roamcdn.net/hz/ed/listing-thumb-224w/80ff3e8b5a8d09e32c20095769c91646/-/horizon-files-prod/ed/picture/qwep6x8z/c63d2ec950e9fdeb2dd46b308b04e849955cefd8.jpg
225.0,Thiès                                                                                Thiès,600000.0,https://i.roamcdn.net/hz/ed/listing-thumb-224w/edcce7028e3dc6e07af56223a92fdf0d/-/horizon-files-prod/ed/picture/qv4wvjpk/be34c6200700f1c61e520c9fe47a62823a242ab1.jpg
225.0,Thiès                                                                                Thiès,2500000.0,https://i.roamcdn.net/hz/ed/listing-thumb-224w/9af4ef1012ceb6b58429d78d043ad98d/-/horizon-files-prod/ed/picture/q2jqmkgj/002919cad012fb8f181c4abc8025700a9e96ad76.png
150.0,Ndiakhirate                                                                                Dakar,14000000.0,https://i.roamcdn.net/hz/ed/listing-thumb-224w/5438516d18ce51d17bfef48e01f7f449/-/horizon-files-prod/ed/picture/qkr8xj6x/10e8a84201a35f0c6a3abaf8c7c164683dd52a03.jpg
538.0,Almadies                                                                                Dakar,450000000.0,https://i.roamcdn.net/hz/ed/listing-thumb-224w/52d91e9edb81ca6005f8d4212e09450c/-/horizon-files-prod/ed/picture/q56dkq4e/81e49377ab132dd2f3f1395cb24f9bdd691bb4ad.jpg
0.0,Bambilor                                                                                Dakar,16000.0,https://i.roamcdn.net/hz/ed/listing-thumb-224w/a115ff03fb84520e74c40451fc30d3a2/-/horizon-files-prod/ed/picture/qj4q0d5w/d4d536cefe0e9c8b5de40c22675dc31eca7ecb7d.jpg
539.0,Ouakam                                                                                Dakar,2539000000.0,https://i.roamcdn.net/hz/ed/listing-thumb-224w/4b7a1e1449b2b26e6cd54f44b75f0261/-/horizon-files-prod/ed/picture/qwep0je6/4257fc01efdf2020c52f02e8508605e6c5158839.png
0.0,Saly                                                                                Thiès,1600000000.0,https://i.roamcdn.net/hz/ed/listing-thumb-224w/4d224ab9785616d8442c41353b72ba07/-/horizon-files-prod/ed/picture/qm5gwj66/7adfd5bf5f2999f595cf2cf6fd912406c1c17736.png
150.0,Ndiakhirate                                                                                Dakar,14000000.0,https://i.roamcdn.net/hz/ed/listing-thumb-224w/0c75f0a132f24da4238f89892ac333e7/-eyJvciI6MH0%3D/horizon-files-prod/ed/picture/qrz8xmmq/16a5de4306c5b382151e759b03b76d9975475fc8.jpg
400.0,Somone                                                                                Thiès,25000000.0,https://i.roamcdn.net/hz/ed/listing-thumb-224w/f114fac48a89a1dc7056c0570e255946/-/horizon-files-prod/ed/picture/qkr8zxpx/11e70720c0e5cab10411f5e90f7991365e99d057.jpg
2.0,Mamelles                                                                                Dakar,650000.0,https://i.roamcdn.net/hz/ed/listing-thumb-224w/afed14dd59241aafd7578b32ec29f6e1/-/horizon-files-prod/ed/picture/q44n26p8/d7557c593587e13150f5bb7e7569b873133cb173.jpg
222.0,Almadies                                                                                Dakar,148000000.0,https://i.roamcdn.net/hz/ed/listing-thumb-224w/ba31e94cb30d92b538f5a84a23f93b78/-/horizon-files-prod/ed/picture/qzvpkj8r/61cb5803fb48868147c50325bfa6e22b601a85b2.jpg
400.0,Saly                                                                                Thiès,40000000.0,https://i.roamcdn.net/hz/ed/listing-thumb-224w/2a011582ec25b6a5ba4b8df457771445/-/horizon-files-prod/ed/picture/qq42r86p/e2bbce085fe32d3f582913c870060e60ec0cabab.jpg
508.0,Zone de captage                                                                                Dakar,0.0,https://i.roamcdn.net/hz/ed/listing-thumb-224w/595387d87928865275daaf77cfab5316/-/horizon-files-prod/ed/picture/qv4wj5dw/01fc56a4e081635a0c71d03662e5be1ade9452a9.png
0.0,Virage                                                                                Dakar,0.0,https://i.roamcdn.net/hz/ed/listing-thumb-224w/ec17aa49cfde6afc2664841bb60b1cbf/-/horizon-files-prod/ed/picture/qrz8x4r4/84f547e8b43a9ce3ca31a45ffd549ece840b8361.png
0.0,Mbodiene                                                                                Thiès,12000000.0,https://i.roamcdn.net/hz/ed/listing-thumb-224w/de57cf4aa8d5718be559ed3abcab9e80/-/horizon-files-prod/ed/picture/q2j0xjdd/a4abf75edcdaa6f5302823259c24f93e532bacde.jpg
225.0,Sindia                                                                                Thiès,3200000.0,https://i.roamcdn.net/hz/ed/listing-thumb-224w/9f7659c86424089593a70678e693d45d/-/horizon-files-prod/ed/picture/qpdwvv52/cda1b8fe61d501391cca5b76a3621bef4e55690a.png
300.0,Thiès                                                                                Thiès,2500000.0,https://i.roamcdn.net/hz/ed/listing-thumb-224w/ce13c1d1406746aa6ff9829d6adc6472/-/horizon-files-prod/ed/picture/qgqw606k/ebda8398accea7c068242a656fa979d2550d81ba.jpg
225.0,Thiès                                                                                Thiès,0.0,https://i.roamcdn.net/hz/ed/listing-thumb-224w/528db005b3f31fe30dfa08b200b27de0/-/horizon-files-prod/ed/picture/q9mj6k70/449071b2b3fce7b011f7f1770ca0e5968e15b5b6.png
150.0,Ndiakhirate                                                                                Dakar,14000000.0,https://i.roamcdn.net/hz/ed/listing-thumb-224w/0c75f0a132f24da4238f89892ac333e7/-eyJvciI6MH0%3D/horizon-files-prod/ed/picture/qrz8xmmq/16a5de4306c5b382151e759b03b76d9975475fc8.jpg
876.0,Plateau                                                                                Dakar,2500000000.0,https://i.roamcdn.net/hz/ed/listing-thumb-224w/36cdb24aac8ec3b83b630c14b3f25f30/-/horizon-files-prod/ed/picture/q9mjvdg8/5059f9501072c224c398b8f159225572b3b69e69.jpg
150.0,Ndiakhirate                                                                                Dakar,14000000.0,https://i.roamcdn.net/hz/ed/listing-thumb-224w/1824222c32a3181f895ff918ac270501/-/horizon-files-prod/ed/picture/qde7j8m4/5e759fba875ea60ae408e3eb533e56917ef27fc3.jpg
390.0,Thiaroye                                                                                Dakar,156000000.0,https://i.roamcdn.net/hz/ed/listing-thumb-224w/6765db092d3cd7a8e1eda5aacfae5883/-/horizon-files-prod/ed/picture/q44ngmnv/833ab5c23145bc7f48f2a08c8d10e616a42e7992.jpg
200.0,Kounoune                                                                                Dakar,18000000.0,https://i.roamcdn.net/hz/ed/listing-thumb-224w/0561d53feac44e5d9f8efb837d03ce8b/-/horizon-files-prod/ed/picture/qwqn06j/1b1646ecf73e2d5d54d0a976e67b0157be82ea23.jpg
900.0,Point-e                                                                                Dakar,990000000.0,https://i.roamcdn.net/hz/ed/listing-thumb-224w/0711b4c8bb9c09539465b759ab775c8d/-/horizon-files-prod/ed/picture/qq42kq9e/6b2df709499e504214b38d7a6db3e821476aa970.png
125.0,Lac Rose                                                                                Dakar,150000000.0,https://i.roamcdn.net/hz/ed/listing-thumb-224w/f21bc105d3415bebc6f56effe62b8a1e/-/horizon-files-prod/ed/picture/qngpq22r/a12843d78ba4ea9ecc65f99eb7ff4590f53a77c5.jpg
200.0,Lac Rose                                                                                Dakar,30000000.0,https://i.roamcdn.net/hz/ed/listing-thumb-224w/ef516fc389e209ed8c27e8669b764630/-/horizon-files-prod/ed/picture/q9mjvwwp/1f0aee8f372fe3a649b763e57b93ebd7ef1f3ea9.jpg
200.0,Almadies                                                                                Dakar,105000000.0,https://i.roamcdn.net/hz/ed/listing-thumb-224w/0224283d6325d415e352242ff8ec7a34/-/horizon-files-prod/ed/picture/qngp85rv/4adbd29ee61075ebe5eab75f496742ffe1663336.jpg
300.0,Malicounda                                                                                Thiès,3200000.0,https://i.roamcdn.net/hz/ed/listing-thumb-224w/72a64b9d73804f57a1ad6d9cdc0ccce5/-/horizon-files-prod/ed/picture/qm5gpv6q/7b670b5d8206ea011f66cfc37031d84795b876fb.jpg
900.0,Virage                                                                                Dakar,1000000000.0,https://i.roamcdn.net/hz/ed/listing-thumb-224w/1834ba017d8014481a4a27fb4a2881ce/-/horizon-files-prod/ed/picture/qenvk2nd/bcc673fe8b3338e4d35bd17ebedbf99e8533d2e1.jpg
150.0,Ndiakhirate                                                                                Dakar,14000000.0,https://i.roamcdn.net/hz/ed/listing-thumb-224w/0c75f0a132f24da4238f89892ac333e7/-eyJvciI6MH0%3D/horizon-files-prod/ed/picture/qrz8xmmq/16a5de4306c5b382151e759b03b76d9975475fc8.jpg
286.0,Zac Mbao                                                                                Dakar,85000000.0,https://i.roamcdn.net/hz/ed/listing-thumb-224w/02f3b29e486ac656040f974510d5f310/-/horizon-files-prod/ed/picture/qv4wjzvv/2b334c184048d78059e0594b5103cb9675b25ab7.jpg
150.0,Tivaouane peulh                                                                                Dakar,35000000.0,https://i.roamcdn.net/hz/ed/listing-thumb-224w/f64cbfa03dc048b19e9bf0026fd1df19/-/horizon-files-prod/ed/picture/qngpj87g/8443936aab86fb60d41f017cdfa41a58f6768bab.jpg
300.0,Nguering                                                                                Thiès,19000000.0,https://i.roamcdn.net/hz/ed/listing-thumb-224w/083044c337a4fdfce6ac711ccab89708/-/horizon-files-prod/ed/picture/q78w6g48/622fa4b2d5ddaab68e1c6bcd169d12c46f76d060.jpg
209.0,Mbao                                                                                Dakar,45000000.0,https://i.roamcdn.net/hz/ed/listing-thumb-224w/ee3b7afc7b35c32970e39a0f5a1e0a1c/-/horizon-files-prod/ed/picture/qv4wv8v2/ead7cbfdd78125a8306fdbc2012c4910ecf32762.jpg
150.0,Tivaouane peulh                                                                                Dakar,15000000.0,https://i.roamcdn.net/hz/ed/listing-thumb-224w/0e69d4b8ef4b03fd9fcfc1412f25a016/-/horizon-files-prod/ed/picture/q9mjn97j/6cf08948efa3fd87d382b9139eb3bdf3e3c8d52e.jpg
150.0,Tivaouane peulh                                                                                Dakar,15000000.0,https://i.roamcdn.net/hz/ed/listing-thumb-224w/2bd3631a299a9789e43f36d8003c1e26/-/horizon-files-prod/ed/picture/q44n52v2/7634668b09682d1d1f3e5ef451ae22594b27898f.jpg
150.0,Diamniadio                                                                                Dakar,5000000.0,https://i.roamcdn.net/hz/ed/listing-thumb-224w/29ab65a7de14be439fec1e13bb61078e/-/horizon-files-prod/ed/picture/qzvd2k49/be869b037684efc515bb773db19a729e4d3fcb1b.jpg
150.0,Zac Mbao                                                                                Dakar,27000000.0,https://i.roamcdn.net/hz/ed/listing-thumb-224w/96fc03d5bdce8d73b710139bf816d0dd/-/horizon-files-prod/ed/picture/q0gwm99x/1a5e4088015c6e8b92ff62a3982427f7bcc13fe7.jpg
500.0,Yene                                                                                Dakar,45000000.0,https://i.roamcdn.net/hz/ed/listing-thumb-224w/05d83b49cbb98a379b3cedfa32cbc43d/-/horizon-files-prod/ed/picture/qenvzkdz/22ace81f30d5b745f6df3544bfab240b1eda8840.png
0.0,Kounoune                                                                                Dakar,14000000.0,https://i.roamcdn.net/hz/ed/listing-thumb-224w/451b9c540a3eef61252aee51cdc29056/-/horizon-files-prod/ed/picture/q78w0v8j/5a1cca2a659d5a30a63196631b66b72eebb8fec1.jpg
150.0,Ndiakhirate                                                                                Dakar,14000000.0,https://i.roamcdn.net/hz/ed/listing-thumb-224w/0c75f0a132f24da4238f89892ac333e7/-eyJvciI6MH0%3D/horizon-files-prod/ed/picture/qrz8xmmq/16a5de4306c5b382151e759b03b76d9975475fc8.jpg
250.0,Ouakam                                                                                Dakar,160000000.0,https://i.roamcdn.net/hz/ed/listing-thumb-224w/b78c116787c47bb10b3f89f7c12ea444/-/horizon-files-prod/ed/picture/qwepnqzg/ed0987413611b02290805cf7f742879ed93250a2.jpg
225.0,Mbour                                                                                Thiès,4000000.0,https://i.roamcdn.net/hz/ed/listing-thumb-224w/d7adf4bb9f703c20f0905923cba9a29c/-/horizon-files-prod/ed/picture/qnzkr9k/de9d541df82396f12e88ba6cc43f0d31a7dff73c.jpg
180.0,Mbour                                                                                Thiès,2500000.0,https://i.roamcdn.net/hz/ed/listing-thumb-224w/efb52ac47b064967c26b80c42b019f69/-/horizon-files-prod/ed/picture/qxj6rxn4/0d76c57fa4f0f3642d655d5613b1770d740c2a2f.jpg
0.0,Fann                                                                                Dakar,1000000.0,https://i.roamcdn.net/hz/ed/listing-thumb-224w/26ffb8fafca79505f63d020cb0bdede6/-/horizon-files-prod/ed/picture/q78wjkjq/656899e3bbfc6fb38c6a21c4fde49280d106381b.jpg
150.0,Ndiakhirate                                                                                Dakar,14000000.0,https://i.roamcdn.net/hz/ed/listing-thumb-224w/c30828a577a1f44c6e3f6bec28de7786/-/horizon-files-prod/ed/picture/q44824e5/c8df3109e89d59689beac629291ee807c85b29bc.jpg
0.0,Ngaparou                                                                                Thiès,55000.0,https://i.roamcdn.net/hz/ed/listing-thumb-224w/6dee1105a8b76cd5e4ca60fe584dc598/-/horizon-files-prod/ed/picture/qwep6kgm/232c1eec21cab81cf97fa2ce7fa77e67ec64dd52.png
0.0,Ngaparou                                                                                Thiès,55000.0,https://i.roamcdn.net/hz/ed/listing-thumb-224w/afe431f3748a5d47ce7fedb04f4c918c/-/horizon-files-prod/ed/picture/q0g749ke/c8ea5a8f4ca76156e10226ee0b955d2e4558487e.png
0.0,Mamelles                                                                                Dakar,1250000000.0,https://i.roamcdn.net/hz/ed/listing-thumb-224w/97874de852010b6af35382ceeae89d18/-/horizon-files-prod/ed/picture/qv4wvjz2/1634bf37bb7d80ba716c8ed895a54985314951f8.jpg
300.0,Almadies                                                                                Dakar,210000000.0,https://i.roamcdn.net/hz/ed/listing-thumb-224w/83db776e407f5c1db42c2773ea57ef56/-/horizon-files-prod/ed/picture/q56d284g/f0436673b9fbc8719cdfe626f37af4856e59fa25.jpg
200.0,Grand-Dakar                                                                                Dakar,22000000.0,https://i.roamcdn.net/hz/ed/listing-thumb-224w/bb715d7e589a31cf6b676c668de00521/-/horizon-files-prod/ed/picture/qwepx645/0af56b32067bc1104a802523ea0ee50886075fc3.png
150.0,Ndiakhirate                                                                                Dakar,14000000.0,https://i.roamcdn.net/hz/ed/listing-thumb-224w/0c75f0a132f24da4238f89892ac333e7/-eyJvciI6MH0%3D/horizon-files-prod/ed/picture/qrz8xmmq/16a5de4306c5b382151e759b03b76d9975475fc8.jpg
225.0,Thiès                                                                                Thiès,750000.0,https://i.roamcdn.net/hz/ed/listing-thumb-224w/be2a152242943bd983ceaef15f40ec3f/-/horizon-files-prod/ed/picture/q9mjxz0v/82b015373ece978be80cf6d74ce7f6492532b7c7.jpg
150.0,Sangalkam                                                                                Dakar,13500000.0,https://i.roamcdn.net/hz/ed/listing-thumb-224w/d56f46c8f350fd4cf97909d6f5e45778/-/horizon-files-prod/ed/picture/qenvrmwd/6c4b95d6a3deec80f44e0485b350bfc764848338.jpg
0.0,Nguering                                                                                Thiès,53970000.0,https://i.roamcdn.net/hz/ed/listing-thumb-224w/07777e337fffdde34ff261a076f17462/-/horizon-files-prod/ed/picture/qpdm4grj/7f251a67dddcd64c7ec7beb3d10d5b2c95037b29.jpg
180.0,Almadies                                                                                Dakar,95000000.0,https://i.roamcdn.net/hz/ed/listing-thumb-224w/dcc646682f6af33cfd38e1826623b5c3/-/horizon-files-prod/ed/picture/qqxmmm6/7877c609e51eb2173d7a2ccdb40d912c84d11dc8.jpg
189.0,Kounoune                                                                                Dakar,15000000.0,https://i.roamcdn.net/hz/ed/listing-thumb-224w/eab5101649aac87db4caf890eba21fee/-/horizon-files-prod/ed/picture/q44n64nz/042429da501c5fd0deed1a8d141d0306b9b037d1.jpg
200.0,Keur ndiaye lô                                                                                Dakar,24000000.0,https://i.roamcdn.net/hz/ed/listing-thumb-224w/b0ecc0ee37207aeb68ca9937cf30202c/-/horizon-files-prod/ed/picture/qrzvmr95/e908237b4c8abdef0878cbc3824f8b391dbea2fb.jpg
300.0,Sangalkam                                                                                Dakar,3750000.0,https://i.roamcdn.net/hz/ed/listing-thumb-224w/e3e95377c7c3cafeefc0bd1f300f7d34/-/horizon-files-prod/ed/picture/q9mjv8j6/041c547fc10cece1da2c4893f471c91ed5415f28.jpg
0.0,Almadies                                                                                Dakar,1490000.0,https://i.roamcdn.net/hz/ed/listing-thumb-224w/b186bbe6d7dc16b30282f73c13ded33c/-/horizon-files-prod/ed/picture/q8v47vj4/92896e24215c8f5892d8fac721c0cf1c8e84d21d.jpg
200.0,Mboro                                                                                Thiès,2999000.0,https://i.roamcdn.net/hz/ed/listing-thumb-224w/652c1ddd27be1fe21b7ee45006f8d662/-/horizon-files-prod/ed/picture/q56xkpr7/538951e02beefda4886155957cb80fc69da54628.jpg
0.0,Guereo                                                                                Thiès,45000.0,https://i.roamcdn.net/hz/ed/listing-thumb-224w/fa85d07b9459fb60aa5fbde72be8efa6/-/horizon-files-prod/ed/picture/q44nqzvr/f0ef18dd5cd49c76330153b52de8c563bd0927a5.jpg
150.0,Ndiakhirate                                                                                Dakar,14000000.0,https://i.roamcdn.net/hz/ed/listing-thumb-224w/0c75f0a132f24da4238f89892ac333e7/-eyJvciI6MH0%3D/horizon-files-prod/ed/picture/qrz8xmmq/16a5de4306c5b382151e759b03b76d9975475fc8.jpg
538.0,Mamelles                                                                                Dakar,480165000.0,https://i.roamcdn.net/hz/ed/listing-thumb-224w/17b31d3fea618ac136b6b5109723e54d/-/horizon-files-prod/ed/picture/q9mjr6kv/cffe48e492cbd3c88153c21a7772db42d7a167a4.jpg
201.0,Keur Massar                                                                                Dakar,20000000.0,https://i.roamcdn.net/hz/ed/listing-thumb-224w/8a11ec150c862a0dc88e1fd659cbc396/-/horizon-files-prod/ed/picture/qv4wjpq5/c37d75455ed5bc8cdcb5dd3388610d447d36a6f1.jpg
150.0,Yoff                                                                                Dakar,4500000.0,https://i.roamcdn.net/hz/ed/listing-thumb-224w/be80833d9b212f75d236b39c5a4d0bb5/-/horizon-files-prod/ed/picture/qzvpxgpd/c6c7c40d9d1918359a7c6307137d7df325807793.png
0.0,VDN                                                                                Dakar,0.0,https://i.roamcdn.net/hz/ed/listing-thumb-224w/4018a632af0013c5f1babfa37a466633/-/horizon-files-prod/ed/picture/qrz8xq2n/43e6196823e33200e448444e7f259a2699582722.jpg
150.0,Keur ndiaye lô                                                                                Dakar,8000000.0,https://i.roamcdn.net/hz/ed/listing-thumb-224w/c57121b76687274384136ba26270b691/-/horizon-files-prod/ed/picture/q2jqv0xg/350f3845dc97f4eed565ba932f3b35fe9c4007f3.jpg
100.0,Ngueniene                                                                                Thiès,3000000.0,https://i.roamcdn.net/hz/ed/listing-thumb-224w/c702de9288347e45651437d6d05bd408/-/horizon-files-prod/ed/picture/qgqwr8mr/c408039478d77fa8a413d6ab74272b9a23be786c.jpg
150.0,Keur Massar                                                                                Dakar,30000000.0,https://i.roamcdn.net/hz/ed/listing-thumb-224w/5d065d439a48ad36ad527dbdc01ea4cf/-/horizon-files-prod/ed/picture/qpdm9krq/b5b52f7655fe747512026a9c03f54ca69137033e.jpg
592.0,Diamniadio                                                                                Dakar,216000000.0,https://i.roamcdn.net/hz/ed/listing-thumb-224w/e0fc3aebb895e4b84e5eaf575a212199/-/horizon-files-prod/ed/picture/q56dnp66/6e8c53b0bef7bd87a415d215bb57d82c0402c72e.jpg
0.0,Touba                                                                                Diourbel,250000000.0,https://i.roamcdn.net/hz/ed/listing-thumb-224w/421081ea627d9e74ab96739f48576caf/-/horizon-files-prod/ed/picture/qrz8wr2m/89f34a399bab0f182caa259e61b211e6b78504de.jpg
0.0,Plateau                                                                                Dakar,1300000.0,https://i.roamcdn.net/hz/ed/listing-thumb-224w/0d66eb8fd74d023fabe47d0064fb2ab5/-/horizon-files-prod/ed/picture/q44n909e/4006b8bee60c5c0f2a3cc2f316d584a8f4890c2e.jpg
150.0,Ndiakhirate                                                                                Dakar,14000000.0,https://i.roamcdn.net/hz/ed/listing-thumb-224w/0c75f0a132f24da4238f89892ac333e7/-eyJvciI6MH0%3D/horizon-files-prod/ed/picture/qrz8xmmq/16a5de4306c5b382151e759b03b76d9975475fc8.jpg
0.0,Plateau                                                                                Dakar,2000000.0,https://i.roamcdn.net/hz/ed/listing-thumb-224w/2daef630c72bee1cc5fa69a6b0f05f0d/-/horizon-files-prod/ed/picture/qxjpmg7j/319226c3dd1799a672072e4f6003de955e19c730.jpg
325.0,Hann maristes                                                                                Dakar,250000000.0,https://i.roamcdn.net/hz/ed/listing-thumb-224w/413062e878bbdf3001bba450d033b439/-/horizon-files-prod/ed/picture/qkr8kknn/5f972d100b8135b8995d6804f4f089c1c0ed5cba.jpg
0.0,Ndangane                                                                                Sine saloum,45000.0,https://i.roamcdn.net/hz/ed/listing-thumb-224w/2ff64f32beb81c641694710891c643f7/-/horizon-files-prod/ed/picture/qenvxm4z/b2b79e76fa419c1731207b18662433ee4deb1bee.jpg
600.0,Sangalkam                                                                                Dakar,25000000.0,https://i.roamcdn.net/hz/ed/listing-thumb-224w/5ac3c0ab2ca0b23b0f10540c514a71e3/-/horizon-files-prod/ed/picture/qde7q565/ffdfb18519bfbd50c108306e3306419dcec50113.jpg
900.0,Nguering                                                                                Thiès,45000000.0,https://i.roamcdn.net/hz/ed/listing-thumb-224w/f28f8b9d069132ed93bb0bb59248ba62/-/horizon-files-prod/ed/picture/qq4248e6/d8ca4fd6cc247a9bc87462038adea6eff76873c8.jpg
300.0,Somone                                                                                Thiès,16500000.0,https://i.roamcdn.net/hz/ed/listing-thumb-224w/17953a2ab3d54ebbbf0bb6caa4a01142/-/horizon-files-prod/ed/picture/q8v48k40/e732b6a34c7d815e2efea38d5a5f005f0cb533aa.jpg
0.0,Notto                                                                                Thiès,300000000.0,https://i.roamcdn.net/hz/ed/listing-thumb-224w/f3c17fc19918a188f75126f59d6a44bb/-/horizon-files-prod/ed/picture/qxjpe9mv/93c413cc948e3b5122a9a4a12153fa2581db7fc5.jpg
0.0,Richard Toll                                                                                Saint-Louis,89900000.0,https://i.roamcdn.net/hz/ed/listing-thumb-224w/0c90ed363c108d35941084a896371c7a/-/horizon-files-prod/ed/picture/qenv80k4/975ea907794108953eeacae6c43d8d652628c2ea.jpg
150.0,Tivaouane peulh                                                                                Dakar,10000000.0,https://i.roamcdn.net/hz/ed/listing-thumb-224w/68da7ad25487d86f75718262035de38c/-/horizon-files-prod/ed/picture/qgqwgm88/0b2b6f33437b2aa8b1eb8e6bac0c954964e481e6.jpg
214.0,Virage                                                                                Dakar,125000000.0,https://i.roamcdn.net/hz/ed/listing-thumb-224w/6aef4d3ecdfea4fc6f5f6cd353dd7dee/-/horizon-files-prod/ed/picture/q0g76gmw/d770e3365fdc6d2fc85215b9ad3f7df44326632e.jpg
150.0,Ndiakhirate                                                                                Dakar,14000000.0,https://i.roamcdn.net/hz/ed/listing-thumb-224w/0c75f0a132f24da4238f89892ac333e7/-eyJvciI6MH0%3D/horizon-files-prod/ed/picture/qrz8xmmq/16a5de4306c5b382151e759b03b76d9975475fc8.jpg
214.0,Virage                                                                                Dakar,125000000.0,https://i.roamcdn.net/hz/ed/listing-thumb-224w/6aef4d3ecdfea4fc6f5f6cd353dd7dee/-/horizon-files-prod/ed/picture/q0g76gmw/d770e3365fdc6d2fc85215b9ad3f7df44326632e.jpg
126.0,Ndiakhirate                                                                                Dakar,13500000.0,https://i.roamcdn.net/hz/ed/listing-thumb-224w/378c0a4711b61bb1273663d5bbff7bb0/-/horizon-files-prod/ed/picture/q0g76ewd/37243e316ba690766b425a255b3b7ba43b9b14cc.jpg
200.0,Somone                                                                                Thiès,9000000.0,https://i.roamcdn.net/hz/ed/listing-thumb-224w/cc89cecd077dd520805f4415e112e1b8/-/horizon-files-prod/ed/picture/q2j0v298/8137e58d08ecdcfabe067b8106472c84376f5127.jpg
600.0,Ndayane                                                                                Thiès,12000000.0,https://i.roamcdn.net/hz/ed/listing-thumb-224w/d86efe865b11adf5e45c463f7db90559/-/horizon-files-prod/ed/picture/qj4qgeng/e5d9d4e7aff6302e271437d6796489a7d4e4ab35.jpg
0.0,Mboro                                                                                Thiès,3995000.0,https://i.roamcdn.net/hz/ed/listing-thumb-224w/780421ef5508e1e6ce1445ed6bddefc8/-/horizon-files-prod/ed/picture/qm5gqvjz/79e7bc5125c3143226599e918e99df8de1fee3c3.jpg
300.0,Guereo                                                                                Thiès,4000000.0,https://i.roamcdn.net/hz/ed/listing-thumb-224w/835dcf4a5011f1614c325fc789a9e2a1/-/horizon-files-prod/ed/picture/qj76vkz/bd2e00baf193580d817dc9f269fcac8a79553876.jpg
150.0,Tivaouane peulh                                                                                Dakar,6200000.0,https://i.roamcdn.net/hz/ed/listing-thumb-224w/c1bab6db597e46bf8cacdfae4f5f98a8/-/horizon-files-prod/ed/picture/qwe249j4/d5fc603611d977d815c0111ab8db25dee6da4b83.jpg
225.0,Thiès                                                                                Thiès,3500000.0,https://i.roamcdn.net/hz/ed/listing-thumb-224w/6f2ade178aba320a45895197e1a66138/-/horizon-files-prod/ed/picture/q9mjzq56/bd2c0f60dd0aea3595d460196fe463b24d3b775c.jpg
225.0,Thiès                                                                                Thiès,750000.0,https://i.roamcdn.net/hz/ed/listing-thumb-224w/e7a93ef97dc7ff733fefd169e0c153e3/-/horizon-files-prod/ed/picture/qv4wr0p5/30787c7bbeacaafb7a65f4d5d670ece15fbe0463.jpg
0.0,Mamelles                                                                                Dakar,565000000.0,https://i.roamcdn.net/hz/ed/listing-thumb-224w/1cdcdd526dc85b818bd69299c65b6f54/-/horizon-files-prod/ed/picture/qzvpq6v9/bddbb16ecc85c085901d9a3d3edb58a8847ccd02.jpg
150.0,Ndiakhirate                                                                                Dakar,14000000.0,https://i.roamcdn.net/hz/ed/listing-thumb-224w/0c75f0a132f24da4238f89892ac333e7/-eyJvciI6MH0%3D/horizon-files-prod/ed/picture/qrz8xmmq/16a5de4306c5b382151e759b03b76d9975475fc8.jpg
700.0,Bayakh                                                                                Dakar,45000000.0,https://i.roamcdn.net/hz/ed/listing-thumb-224w/f9c58fdabf08dbfe057405b230f37cf8/-/horizon-files-prod/ed/picture/qenv8k8z/1e1f9c288087976f9835b793430d3986d3f7a36c.png
300.0,Diamniadio                                                                                Dakar,11500000.0,https://i.roamcdn.net/hz/ed/listing-thumb-224w/af56075d34f2a27ff4117d6e27812491/-/horizon-files-prod/ed/picture/qxjpmngz/b35410d6b9f7cd5fef63e32c5367ab53e2456ccd.jpg
500.0,Nguekhokh                                                                                Thiès,8500000.0,https://i.roamcdn.net/hz/ed/listing-thumb-224w/3ee7b68568183cafcb0e9707558de07b/-/horizon-files-prod/ed/picture/q9mj2v08/f3f9ba8e045b30889aada1e4b686981de64a489d.jpg
350.0,Mbour                                                                                Thiès,30000000.0,https://i.roamcdn.net/hz/ed/listing-thumb-224w/633e3b0a4a1c3aa4a94e12c12b7e37d9/-eyJvciI6OTB9/horizon-files-prod/ed/picture/qm5gk94g/93f737ef1cb81c61944344dd5ebf64ee87ee4f9e.jpg
150.0,Keur Massar                                                                                Dakar,25000000.0,https://i.roamcdn.net/hz/ed/listing-thumb-224w/ed99e6e52e28f9f90d1f9a1bbffbe3c2/-/horizon-files-prod/ed/picture/q0g766xw/cc423c19b61802ca335fd0c2df135bd93a8325b6.jpg
225.0,Thiès                                                                                Thiès,600000.0,https://i.roamcdn.net/hz/ed/listing-thumb-224w/8968f0ccbbabd156495ac1724a84d27e/-/horizon-files-prod/ed/picture/q44n9wn2/092752dc8a541e2855a7a685673b5f5a76f16c1a.jpg
225.0,Thiès                                                                                Thiès,900000.0,https://i.roamcdn.net/hz/ed/listing-thumb-224w/fbbbcadbad6153f2f3fd035e51f8b625/-/horizon-files-prod/ed/picture/q78wqrnn/9084c0841de38b4388e6d0e0502115a4c196cee5.jpg
152.0,Diass                                                                                Thiès,2000000.0,https://i.roamcdn.net/hz/ed/listing-thumb-224w/6286a6f6a3d94605315d18446cd3c910/-/horizon-files-prod/ed/picture/q44n924z/055e9259b6017c04d40532c7d1573af3df02c908.jpg
915.0,Hann maristes                                                                                Dakar,55000000.0,https://i.roamcdn.net/hz/ed/listing-thumb-224w/a3286762303b8ba15bc536025b77a416/-/horizon-files-prod/ed/picture/qq47p0d6/251ff4b8e9facdd2b556151d4e83bc213bec3362.jpg
600.0,Thiès                                                                                Thiès,0.0,https://i.roamcdn.net/hz/ed/listing-thumb-224w/1fd1846712bb0833a6266f23bfe5e081/-/horizon-files-prod/ed/picture/q2j0v52v/f57b28a1f4966b7485898fb747a29c8839a903bd.jpg
150.0,Ndiakhirate                                                                                Dakar,14000000.0,https://i.roamcdn.net/hz/ed/listing-thumb-224w/0c75f0a132f24da4238f89892ac333e7/-eyJvciI6MH0%3D/horizon-files-prod/ed/picture/qrz8xmmq/16a5de4306c5b382151e759b03b76d9975475fc8.jpg
662.0,Ndiakhirate                                                                                Dakar,1.0,https://i.roamcdn.net/hz/ed/listing-thumb-224w/8a081dd5281a6d881cf7e4d6a84fecab/-/horizon-files-prod/ed/picture/qngpvwge/edeb8ef9250735e2eb541c643261b9d5a06b8210.jpg
0.0,Almadies                                                                                Dakar,45000000.0,https://i.roamcdn.net/hz/ed/listing-thumb-224w/d2caa74f2854532f244b26b55800c22f/-/horizon-files-prod/ed/picture/qngpv2ex/c80cd89fd89971f08b074e7e29dd62f1ad6c1702.jpg
150.0,Keur Massar                                                                                Dakar,17000000.0,https://i.roamcdn.net/hz/ed/listing-thumb-224w/d6071ff40d7270be534fb36fa6ef6fb6/-/horizon-files-prod/ed/picture/qv4w0ejg/c34711374f391f609281bfd6d5ea64c7fd0adfca.jpg
150.0,Kounoune                                                                                Dakar,15000000.0,https://i.roamcdn.net/hz/ed/listing-thumb-224w/002b71afb1323c9b5eaa102e3d1c060f/-/horizon-files-prod/ed/picture/qde7q47m/46c9f639dd7d862dba91f4a45542c78ebc1b6121.jpg
0.0,Ngaparou                                                                                Thiès,130000000.0,https://i.roamcdn.net/hz/ed/listing-thumb-224w/5ce602946e8636a2ff8e7249bea51d1a/-/horizon-files-prod/ed/picture/qpdmr654/3553c750a9fc27bd67e3c824bef3f274f229b53d.jpg
300.0,Toubab dialo                                                                                Dakar,25000000.0,https://i.roamcdn.net/hz/ed/listing-thumb-224w/6cfefc7578c3895a121c97027884bebd/-/horizon-files-prod/ed/picture/q2j09g0d/d8a683fde36eeb723ccc43813e1c654a609e1530.jpg
150.0,Keur Massar                                                                                Dakar,18500000.0,https://i.roamcdn.net/hz/ed/listing-thumb-224w/eaef17d0597ab9466c1d9ff44c1bd3fb/-/horizon-files-prod/ed/picture/qv4w58jg/5b2ad28065d1520bbe1a8569a830b8044675e1b1.jpg
150.0,Keur Massar                                                                                Dakar,19000000.0,https://i.roamcdn.net/hz/ed/listing-thumb-224w/5e6c3a0049bddc6de5cef9738ae1d15c/-/horizon-files-prod/ed/picture/q44np0ke/5432fe81e51d9f47b904b45fc52b59ed6b915e86.jpg
0.0,Grand-Dakar                                                                                Dakar,15000.0,https://i.roamcdn.net/hz/ed/listing-thumb-224w/da1d721cd8b95fe9f6cb7ca2037d04fb/-/horizon-files-prod/ed/picture/qxj24dgm/3f91ce50df3821d99506522bb9722f9e07172094.jpg
150.0,Kounoune                                                                                Dakar,14000000.0,https://i.roamcdn.net/hz/ed/listing-thumb-224w/2556d3cfd7b801f1367b0bf11a41035a/-/horizon-files-prod/ed/picture/q0g7k6xk/ac16ecd858f5ac9b4ba6dc5c669c32e9c4f9d33d.jpg
150.0,Ndiakhirate                                                                                Dakar,14000000.0,https://i.roamcdn.net/hz/ed/listing-thumb-224w/0c75f0a132f24da4238f89892ac333e7/-eyJvciI6MH0%3D/horizon-files-prod/ed/picture/qrz8xmmq/16a5de4306c5b382151e759b03b76d9975475fc8.jpg
180.0,Thiès                                                                                Thiès,7000000.0,https://i.roamcdn.net/hz/ed/listing-thumb-224w/33ef625f7afe26753665829726884aaf/-/horizon-files-prod/ed/picture/qwepxkmz/599b387dc75dd84da1dc54c4ce56dd5e147251f8.jpg
150.0,Niakoul rap                                                                                Dakar,20000000.0,https://i.roamcdn.net/hz/ed/listing-thumb-224w/451bc2accafdb56f329824b0e8148017/-/horizon-files-prod/ed/picture/qv4w09w5/a180db34840175c362f9da6897291c8d3ca6f492.png
95.0,Virage                                                                                Dakar,985000000.0,https://i.roamcdn.net/hz/ed/listing-thumb-224w/0391c7418f1a58b99db65caaa670ee2f/-/horizon-files-prod/ed/picture/qde7040w/693a7f184ac7f8a5741991c64ca3896c01c6b552.jpg
156.0,Kounoune                                                                                Dakar,20000000.0,https://i.roamcdn.net/hz/ed/listing-thumb-224w/6e79ebd414a3384d56a3d077de8c4d70/-/horizon-files-prod/ed/picture/q8v4kex0/11fd4215561879a8f2e7c5e79a9ec1e0924564f6.jpg
0.0,Popenguine                                                                                Thiès,290000000.0,https://i.roamcdn.net/hz/ed/listing-thumb-224w/1b08bc09848331ea6e7b88a8b33737b2/-/horizon-files-prod/ed/picture/qq4298zv/562dd85fb3afc2b3089ed18876d6bc289716211c.jpg
0.0,Sicap Sacré-cœur                                                                                Dakar,1500000000.0,https://i.roamcdn.net/hz/ed/listing-thumb-224w/32d3f84aff7474f96bd83ad0f138c017/-/horizon-files-prod/ed/picture/qngpv7k9/fbfe6f0103089daf1cf3cb92c37c2a5863f0294e.jpg
225.0,Thiès                                                                                Thiès,1500000.0,https://i.roamcdn.net/hz/ed/listing-thumb-224w/0e5c3738009a636cb01aa029f5ee2d29/-/horizon-files-prod/ed/picture/q44n666e/486aaaa190e912b6a18728759baebd46a0fcda19.jpg
225.0,Thiès                                                                                Thiès,500000.0,https://i.roamcdn.net/hz/ed/listing-thumb-224w/8bfc21ebd1fceebdeb80fef0de39f16c/-/horizon-files-prod/ed/picture/qwepnrj4/3e045e9e45e8e956f640e54e626e7567e3b5432a.jpg
150.0,Keur moussa                                                                                Thiès,4000000.0,https://i.roamcdn.net/hz/ed/listing-thumb-224w/a0bdeaecf5b9e472b6d018a2e79ece4e/-/horizon-files-prod/ed/picture/q56dn9x0/af69a185cfbbf8ef748434a6d39dde4c5b029673.jpg
450.0,Pointe Sarene                                                                                Thiès,22000000.0,https://i.roamcdn.net/hz/ed/listing-thumb-224w/dcb129c12fb9cf82adba65cc8f226354/-/horizon-files-prod/ed/picture/qenvxw8k/5970d71127e1079e5a3a5d4928c2803f16edd622.jpg
150.0,Ndiakhirate                                                                                Dakar,14000000.0,https://i.roamcdn.net/hz/ed/listing-thumb-224w/0c75f0a132f24da4238f89892ac333e7/-eyJvciI6MH0%3D/horizon-files-prod/ed/picture/qrz8xmmq/16a5de4306c5b382151e759b03b76d9975475fc8.jpg
462.0,Rufisque                                                                                Dakar,49500000.0,https://i.roamcdn.net/hz/ed/listing-thumb-224w/af1c4146cb75b570e9e92c819e95defa/-/horizon-files-prod/ed/picture/qv4wrdnx/87619c1f7faba65471d8029f38e84bd2cfbab612.jpg
400.0,Yene                                                                                Dakar,200000000.0,https://i.roamcdn.net/hz/ed/listing-thumb-224w/8204c2130b8fa1f11eb755b2d8f19ed4/-/horizon-files-prod/ed/picture/q8v48mvx/caf9dd993e081c1f978e959a77b32d969f545219.jpg
50.0,Diamniadio                                                                                Dakar,500000000.0,https://i.roamcdn.net/hz/ed/listing-thumb-224w/09b340164dcae045f5c031064d2f066e/-/horizon-files-prod/ed/picture/qv4wrd4g/83aa904a6d766a4e17d707eb3d2b8e6f903283b3.jpg
379.0,Diamniadio                                                                                Dakar,200000000.0,https://i.roamcdn.net/hz/ed/listing-thumb-224w/642106c39c77c338cfbc5a206a4e7d3e/-/horizon-files-prod/ed/picture/q6xdwqxd/d5c44cbfbf7fff8ad0ea00fc85e8153c428a02b3.jpg
0.0,Bambilor                                                                                Dakar,35000.0,https://i.roamcdn.net/hz/ed/listing-thumb-224w/d01da6939e13fa5f89532745c2424e63/-/horizon-files-prod/ed/picture/qj4qg6m8/73bd182e623a1dfee3f41a7bf9a3c5f2047a861e.jpg
0.0,Nguering                                                                                Thiès,141750000.0,https://i.roamcdn.net/hz/ed/listing-thumb-224w/dfb6e84f93baa2f250904dd4dadf5758/-/horizon-files-prod/ed/picture/q0g7676k/49e8ca0b33b312e04d471a341335460e7dc2f255.jpg
333.0,Mbao                                                                                Dakar,630000000.0,https://i.roamcdn.net/hz/ed/listing-thumb-224w/861fcf587969058e055abaf8711c2815/-/horizon-files-prod/ed/picture/qm5g7gqq/f15443306557bfb7288d9c4a3621cf19eb60f4e7.jpg
0.0,Sangalkam                                                                                Dakar,8500000.0,https://i.roamcdn.net/hz/ed/listing-thumb-224w/5b6a07b20d5b9847689918302bfbc3d5/-/horizon-files-prod/ed/picture/q2j098k2/a549a3b55e280974cc8f104e743e3e1c2b08618b.jpg
0.0,Diass                                                                                Thiès,6000000.0,https://i.roamcdn.net/hz/ed/listing-thumb-224w/4b097f9ce0715deb77de05d4754550fd/-/horizon-files-prod/ed/picture/qde7nn92/6bb151c7c557239d545d72f664e2ba6887b0fc2b.jpg
0.0,Sangalkam                                                                                Dakar,15000000.0,https://i.roamcdn.net/hz/ed/listing-thumb-224w/a8ace142dd2aeec1b07337ec585fda61/-/horizon-files-prod/ed/picture/qm5g7r86/f73732a036d161ec8838b0b35f61fdba568612d2.jpg
150.0,Ndiakhirate                                                                                Dakar,14000000.0,https://i.roamcdn.net/hz/ed/listing-thumb-224w/0c75f0a132f24da4238f89892ac333e7/-eyJvciI6MH0%3D/horizon-files-prod/ed/picture/qrz8xmmq/16a5de4306c5b382151e759b03b76d9975475fc8.jpg
29.0,Popenguine                                                                                Thiès,141750000.0,https://i.roamcdn.net/hz/ed/listing-thumb-224w/0a8a542b0609c16c7bcbef468eaef373/-/horizon-files-prod/ed/picture/qzvpk4md/6de8ca0d9233145333621197434a29ae05a498a7.jpg
300.0,Somone                                                                                Thiès,180000000.0,https://i.roamcdn.net/hz/ed/listing-thumb-224w/a9179666d4974856fde5aed2897bddaa/-/horizon-files-prod/ed/picture/q56dn485/eb882d635b6072397e7b35ba5c11443fc0342755.jpg
0.0,Plateau                                                                                Dakar,2500000000.0,https://i.roamcdn.net/hz/ed/listing-thumb-224w/ed1d218c16515400045795d6a4fc34c2/-/horizon-files-prod/ed/picture/qxjp94d0/e5731cebab7cdeb3fb1ccaaac519529b79e3c998.jpg
0.0,Mboro                                                                                Thiès,30000000.0,https://i.roamcdn.net/hz/ed/listing-thumb-224w/65c8b684bbdb7b3d5edb037adff2154e/-/horizon-files-prod/ed/picture/q0g7vx2k/cf50f18c9e31a6751b654e96b3dfe80701e6e2cd.jpg
800.0,Tivaouane                                                                                Thiès,45000000.0,https://i.roamcdn.net/hz/ed/listing-thumb-224w/a36e88f361eb4f950850a2e3e37d1806/-/horizon-files-prod/ed/picture/qrz8w2px/9439c6f0ba0bb467979baa2cd07f22f6925558d6.jpg
150.0,Kayar                                                                                Thiès,3500000.0,https://i.roamcdn.net/hz/ed/listing-thumb-224w/d16ada0bfd4f4b7b3ddeea44f7176d5f/-/horizon-files-prod/ed/picture/q78wqv4z/1726ca201e817e44ab8f250939a18205e341c0e2.jpg
0.0,Thiès                                                                                Thiès,750000.0,https://i.roamcdn.net/hz/ed/listing-thumb-224w/338348cc72c2885e2f4a46a9bd6c4182/-/horizon-files-prod/ed/picture/qzvpx58k/14669e1d5b783ebd4470e6c3a18f6db4cebefbdf.png
842.0,Pointe sarrene                                                                                Thiès,11000000.0,https://i.roamcdn.net/hz/ed/listing-thumb-224w/e3b2c25680939a7a03dadc9ab94aea16/-/horizon-files-prod/ed/picture/q9mjngx0/9b0fbead8bf60bb84caa69c5d7a05f5bbd4845fe.png
150.0,Ndiakhirate                                                                                Dakar,14000000.0,https://i.roamcdn.net/hz/ed/listing-thumb-224w/6b7b69f22af742b681f601a2aec3ae96/-/horizon-files-prod/ed/picture/qq42gmme/9f8285865319d0162ff82060421195601f3ddbd9.jpg
128.0,Ziguinchor                                                                                Ziguinchor,32500.0,https://i.roamcdn.net/hz/ed/listing-thumb-224w/cd049b648d4ec9513b035a216d99c970/-/horizon-files-prod/ed/picture/q9mjxpxw/5a87bdae3230a067634acba3d92ab560799436b2.jpg
